table_name,column_name,data_type,TRUE,FALSE,notes,,
,,,FALSE,FALSE,,,
account_profile,created,timestamp with time zone,FALSE,TRUE,,,
account_profile,modified,timestamp with time zone,FALSE,TRUE,,,
account_profile,user_id,integer,TRUE,FALSE,EXPORTALL,,
account_profile,creator_id,integer,FALSE,TRUE,,,
account_profile,home_id,integer,FALSE,TRUE,,,
account_profile,phone,character varying,FALSE,TRUE,,,
account_profile,mobile,character varying,FALSE,TRUE,,,
account_profile,voip,character varying,FALSE,TRUE,,,
account_profile,pgp,character varying,FALSE,TRUE,,,
account_profile,notes,text,FALSE,TRUE,,,
account_profile,language,character varying,FALSE,TRUE,,,
account_profile,function,integer,TRUE,FALSE,,,
account_profile,expires,timestamp with time zone,FALSE,TRUE,,,
account_profile,cafe_auth,boolean,FALSE,TRUE,,,
,,,FALSE,FALSE,,,
actstream_action,id,integer,TRUE,FALSE,relacionado com djando_content_type,,
actstream_action,actor_content_type_id,integer,TRUE,FALSE,acoes que o usuario fez na interface,,
actstream_action,actor_object_id,character varying,TRUE,FALSE,,,
actstream_action,verb,character varying,TRUE,FALSE,,,
actstream_action,description,text,TRUE,FALSE,,,
actstream_action,target_content_type_id,integer,TRUE,FALSE,,,
actstream_action,target_object_id,character varying,TRUE,FALSE,,,
actstream_action,action_object_content_type_id,integer,TRUE,FALSE,,,
actstream_action,action_object_object_id,character varying,TRUE,FALSE,,,
actstream_action,timestamp,timestamp with time zone,TRUE,FALSE,TIMESTAMP,,
actstream_action,public,boolean,TRUE,FALSE,,,
actstream_action,data,text,TRUE,FALSE,,,
,,,,,,,
actstream_follow,id,integer,TRUE,FALSE,,,
actstream_follow,user_id,integer,TRUE,FALSE,,,
actstream_follow,content_type_id,integer,TRUE,FALSE,,,
actstream_follow,object_id,character varying,TRUE,FALSE,,,
actstream_follow,actor_only,boolean,TRUE,FALSE,,,
actstream_follow,started,timestamp with time zone,TRUE,FALSE,TIMESTAMP,,
,,,FALSE,FALSE,,,
aggregation_rememberconfig,id,integer,FALSE,TRUE,,,
aggregation_rememberconfig,interval,integer,FALSE,TRUE,,,
,,,FALSE,FALSE,,,
attachments_attachment,reusableplugin_ptr_id,integer,TRUE,FALSE,"dados de anexos, usuario que enviou, numero de revisions via previous_revision_id",,
attachments_attachment,current_revision_id,integer,TRUE,FALSE,JOIN attachments_attachmentrevision.id,,
attachments_attachment,original_filename,character varying,TRUE,FALSE,ANON-NUM,,
,,,FALSE,FALSE,,,
attachments_attachmentrevision,id,integer,TRUE,FALSE,,,
attachments_attachmentrevision,revision_number,integer,TRUE,FALSE,,,
attachments_attachmentrevision,user_message,text,TRUE,FALSE,TEXT,,
attachments_attachmentrevision,automatic_log,text,TRUE,FALSE,,,
attachments_attachmentrevision,ip_address,inet,TRUE,FALSE,ANON-IP,,
attachments_attachmentrevision,user_id,integer,TRUE,FALSE,,,
attachments_attachmentrevision,modified,timestamp with time zone,TRUE,FALSE,,,
attachments_attachmentrevision,created,timestamp with time zone,TRUE,FALSE,TIMESTAMP,,
attachments_attachmentrevision,previous_revision_id,integer,TRUE,FALSE,,,
attachments_attachmentrevision,deleted,boolean,TRUE,FALSE,,,
attachments_attachmentrevision,locked,boolean,TRUE,FALSE,,,
attachments_attachmentrevision,attachment_id,integer,TRUE,FALSE,,,
attachments_attachmentrevision,file,character varying,TRUE,FALSE,ANON-NUM,,
attachments_attachmentrevision,description,text,TRUE,FALSE,TEXT,,
,,,FALSE,FALSE,,,
auth_group,id,integer,FALSE,TRUE,,,
auth_group,name,character varying,FALSE,TRUE,,,
,,,FALSE,FALSE,,,
auth_group_permissions,id,integer,FALSE,TRUE,,,
auth_group_permissions,group_id,integer,FALSE,TRUE,,,
auth_group_permissions,permission_id,integer,FALSE,TRUE,,,
,,,FALSE,FALSE,,,
auth_permission,id,integer,FALSE,TRUE,,,
auth_permission,name,character varying,FALSE,TRUE,,,
auth_permission,content_type_id,integer,FALSE,TRUE,,,
auth_permission,codename,character varying,FALSE,TRUE,,,
,,,FALSE,FALSE,,,
auth_user,id,integer,TRUE,FALSE,EXPORTALL,,
auth_user,password,character varying,FALSE,TRUE,,,
auth_user,last_login,timestamp with time zone,FALSE,TRUE,,,
auth_user,is_superuser,boolean,TRUE,FALSE,,,
auth_user,username,character varying,FALSE,TRUE,,,
auth_user,first_name,character varying,FALSE,TRUE,,,
auth_user,last_name,character varying,FALSE,TRUE,,,
auth_user,email,character varying,FALSE,TRUE,,,
auth_user,is_staff,boolean,TRUE,FALSE,,,
auth_user,is_active,boolean,TRUE,FALSE,,,
auth_user,date_joined,timestamp with time zone,TRUE,FALSE,,,
,,,FALSE,FALSE,,,
auth_user_groups,id,integer,FALSE,TRUE,,,
auth_user_groups,user_id,integer,FALSE,TRUE,,,
auth_user_groups,group_id,integer,FALSE,TRUE,,,
,,,FALSE,FALSE,,,
auth_user_user_permissions,id,integer,FALSE,TRUE,,,
auth_user_user_permissions,user_id,integer,FALSE,TRUE,,,
auth_user_user_permissions,permission_id,integer,FALSE,TRUE,,,
,,,FALSE,FALSE,,,
celery_taskmeta,id,integer,FALSE,TRUE,,,
celery_taskmeta,task_id,character varying,FALSE,TRUE,,,
celery_taskmeta,status,character varying,FALSE,TRUE,,,
celery_taskmeta,result,text,FALSE,TRUE,,,
celery_taskmeta,date_done,timestamp with time zone,FALSE,TRUE,,,
celery_taskmeta,traceback,text,FALSE,TRUE,,,
celery_taskmeta,hidden,boolean,FALSE,TRUE,,,
celery_taskmeta,meta,text,FALSE,TRUE,,,
celery_tasksetmeta,id,integer,FALSE,TRUE,,,
celery_tasksetmeta,taskset_id,character varying,FALSE,TRUE,,,
celery_tasksetmeta,result,text,FALSE,TRUE,,,
celery_tasksetmeta,date_done,timestamp with time zone,FALSE,TRUE,,,
celery_tasksetmeta,hidden,boolean,FALSE,TRUE,,,
,,,FALSE,FALSE,,,
contact_contact,id,integer,FALSE,TRUE,,,
contact_contact,created,timestamp with time zone,FALSE,TRUE,,,
contact_contact,modified,timestamp with time zone,FALSE,TRUE,,,
contact_contact,slug,character varying,FALSE,TRUE,,,
contact_contact,name,character varying,FALSE,TRUE,,,
contact_contact,email,character varying,FALSE,TRUE,,,
contact_contact,phone,character varying,FALSE,TRUE,,,
contact_contact,creator_id,integer,FALSE,TRUE,,,
,,,FALSE,FALSE,,,
contact_contact_organizations,id,integer,TRUE,FALSE,para fazer o join de contatos na mesma org,,
contact_contact_organizations,contact_id,integer,TRUE,FALSE,EXPORTALL,,
contact_contact_organizations,organization_id,integer,TRUE,FALSE,,,
,,,FALSE,FALSE,,,
django_admin_log,id,integer,FALSE,TRUE,,,
django_admin_log,action_time,timestamp with time zone,FALSE,TRUE,,,
django_admin_log,user_id,integer,FALSE,TRUE,,,
django_admin_log,content_type_id,integer,FALSE,TRUE,,,
django_admin_log,object_id,text,FALSE,TRUE,,,
django_admin_log,object_repr,character varying,FALSE,TRUE,,,
django_admin_log,action_flag,smallint,FALSE,TRUE,,,
django_admin_log,change_message,text,FALSE,TRUE,,,
,,,FALSE,FALSE,,,
django_content_type,id,integer,TRUE,FALSE,EXPORTALL,,
django_content_type,name,character varying,TRUE,FALSE,,,
django_content_type,app_label,character varying,TRUE,FALSE,,,
django_content_type,model,character varying,TRUE,FALSE,,,
,,,FALSE,FALSE,,,
django_session,session_key,character varying,FALSE,TRUE,,,
django_session,session_data,text,FALSE,TRUE,,,
django_session,expire_date,timestamp with time zone,FALSE,TRUE,,,
,,,FALSE,FALSE,,,
django_site,id,integer,FALSE,TRUE,,,
django_site,domain,character varying,FALSE,TRUE,,,
django_site,name,character varying,FALSE,TRUE,,,
,,,FALSE,FALSE,,,
djcelery_crontabschedule,id,integer,FALSE,TRUE,,,
djcelery_crontabschedule,minute,character varying,FALSE,TRUE,,,
djcelery_crontabschedule,hour,character varying,FALSE,TRUE,,,
djcelery_crontabschedule,day_of_week,character varying,FALSE,TRUE,,,
djcelery_crontabschedule,day_of_month,character varying,FALSE,TRUE,,,
djcelery_crontabschedule,month_of_year,character varying,FALSE,TRUE,,,
djcelery_intervalschedule,id,integer,FALSE,TRUE,,,
djcelery_intervalschedule,every,integer,FALSE,TRUE,,,
djcelery_intervalschedule,period,character varying,FALSE,TRUE,,,
djcelery_periodictask,id,integer,FALSE,TRUE,,,
djcelery_periodictask,name,character varying,FALSE,TRUE,,,
djcelery_periodictask,task,character varying,FALSE,TRUE,,,
djcelery_periodictask,interval_id,integer,FALSE,TRUE,,,
djcelery_periodictask,crontab_id,integer,FALSE,TRUE,,,
djcelery_periodictask,args,text,FALSE,TRUE,,,
djcelery_periodictask,kwargs,text,FALSE,TRUE,,,
djcelery_periodictask,queue,character varying,FALSE,TRUE,,,
djcelery_periodictask,exchange,character varying,FALSE,TRUE,,,
djcelery_periodictask,routing_key,character varying,FALSE,TRUE,,,
djcelery_periodictask,expires,timestamp with time zone,FALSE,TRUE,,,
djcelery_periodictask,enabled,boolean,FALSE,TRUE,,,
djcelery_periodictask,last_run_at,timestamp with time zone,FALSE,TRUE,,,
djcelery_periodictask,total_run_count,integer,FALSE,TRUE,,,
djcelery_periodictask,date_changed,timestamp with time zone,FALSE,TRUE,,,
djcelery_periodictask,description,text,FALSE,TRUE,,,
djcelery_periodictasks,ident,smallint,FALSE,TRUE,,,
djcelery_periodictasks,last_update,timestamp with time zone,FALSE,TRUE,,,
djcelery_taskstate,id,integer,FALSE,TRUE,,,
djcelery_taskstate,state,character varying,FALSE,TRUE,,,
djcelery_taskstate,task_id,character varying,FALSE,TRUE,,,
djcelery_taskstate,name,character varying,FALSE,TRUE,,,
djcelery_taskstate,tstamp,timestamp with time zone,FALSE,TRUE,,,
djcelery_taskstate,args,text,FALSE,TRUE,,,
djcelery_taskstate,kwargs,text,FALSE,TRUE,,,
djcelery_taskstate,eta,timestamp with time zone,FALSE,TRUE,,,
djcelery_taskstate,expires,timestamp with time zone,FALSE,TRUE,,,
djcelery_taskstate,result,text,FALSE,TRUE,,,
djcelery_taskstate,traceback,text,FALSE,TRUE,,,
djcelery_taskstate,runtime,double precision,FALSE,TRUE,,,
djcelery_taskstate,retries,integer,FALSE,TRUE,,,
djcelery_taskstate,worker_id,integer,FALSE,TRUE,,,
djcelery_taskstate,hidden,boolean,FALSE,TRUE,,,
djcelery_workerstate,id,integer,FALSE,TRUE,,,
djcelery_workerstate,hostname,character varying,FALSE,TRUE,,,
djcelery_workerstate,last_heartbeat,timestamp with time zone,FALSE,TRUE,,,
,,,FALSE,FALSE,,,
images_image,revisionplugin_ptr_id,integer,FALSE,TRUE,apparently only used in wiki,,
images_image,image,character varying,FALSE,TRUE,,,
images_image,caption,character varying,FALSE,TRUE,ANON ignored,,
,,,FALSE,FALSE,,,
incident_attack,created,timestamp with time zone,TRUE,FALSE,TIMESTAMP,,
incident_attack,modified,timestamp with time zone,TRUE,FALSE,,,
incident_attack,rt_id,integer,TRUE,FALSE,,,
incident_attack,subject,character varying,TRUE,FALSE,TEXT,,
incident_attack,target_ip,inet,TRUE,FALSE,ANON-IP,,
incident_attack,incident_id,integer,TRUE,FALSE,incident_incident.rt_id,,
incident_attack,organization_id,integer,TRUE,FALSE,organization_id,,
incident_attack,creator_id,integer,TRUE,FALSE,auth_user,,
incident_attack,id,integer,TRUE,FALSE,,,
,,,FALSE,FALSE,,,
incident_category,id,integer,TRUE,FALSE,,,
incident_category,created,timestamp with time zone,TRUE,FALSE,,,
incident_category,modified,timestamp with time zone,TRUE,FALSE,,,
incident_category,name,character varying,TRUE,FALSE,,,
incident_category,creator_id,integer,TRUE,FALSE,,,
,,,FALSE,FALSE,,,
incident_incident,created,timestamp with time zone,TRUE,FALSE,TIMESTAMP,,
incident_incident,modified,timestamp with time zone,TRUE,FALSE,,,
incident_incident,rt_id,integer,TRUE,FALSE,,,
incident_incident,queue,integer,TRUE,FALSE,,,
incident_incident,subject,character varying,TRUE,FALSE,TEXT,,
incident_incident,organization_id,integer,TRUE,FALSE,,,
incident_incident,creator_id,integer,TRUE,FALSE,,,
incident_incident,source_ip,inet,TRUE,FALSE,ANON-IP,,
incident_incident,complainer,character varying,TRUE,FALSE,ANON-NUM,,
incident_incident,status,integer,TRUE,FALSE,,,
incident_incident,parent_id,integer,TRUE,FALSE,,,
incident_incident,resolved,timestamp with time zone,TRUE,FALSE,,,
incident_incident,type_id,integer,TRUE,FALSE,incident_type,,
incident_incident,notified,timestamp with time zone,TRUE,FALSE,,,
incident_incident,parser_result,text,TRUE,FALSE,?,,
incident_incident,vulnerability,boolean,TRUE,FALSE,,,
incident_incident,aggregator_id,integer,TRUE,FALSE,incident_incident.rt_id,,
,,,FALSE,FALSE,,,
incident_summary,summary_date,timestamp without time zone,TRUE,FALSE,TIMESTAMP,,
incident_summary,last_update,timestamp without time zone,TRUE,FALSE,,,
incident_summary,organization_id,integer,TRUE,FALSE,como d√° join nessa tabela?,,
incident_summary,vulnerability,boolean,TRUE,FALSE,,,
incident_summary,closed,integer,TRUE,FALSE,,,
incident_summary,opened,integer,TRUE,FALSE,,,
incident_summary,missing,integer,TRUE,FALSE,,,
incident_summary,attacks_opened,integer,TRUE,FALSE,,,
incident_summary,closed_avg,numeric,TRUE,FALSE,,,
incident_summary,missing_avg,numeric,TRUE,FALSE,,,
incident_summary,score,numeric,TRUE,FALSE,,,
,,,FALSE,FALSE,,,
incident_summary_users,summary_date,timestamp without time zone,TRUE,FALSE,,,
incident_summary_users,organization_id,integer,TRUE,FALSE,,,
incident_summary_users,user_id,integer,TRUE,FALSE,account_profile.user_id,,
incident_summary_users,permission,integer,TRUE,FALSE,,,
,,,FALSE,FALSE,,,
incident_summary_users_view,summary_date,timestamp without time zone,FALSE,TRUE,,,X
incident_summary_users_view,organization_id,integer,FALSE,TRUE,,,X
incident_summary_users_view,permission,text,FALSE,TRUE,,,X
incident_summary_users_view,email,character varying,FALSE,TRUE,ANON-NUM,nao tem user_id,X
incident_summary_users_view,name,text,FALSE,TRUE,ANON-NUM,,
incident_summary_users_view,phone,character varying,FALSE,TRUE,,,
incident_summary_users_view,mobile,character varying,FALSE,TRUE,,,
incident_summary_users_view,voip,character varying,FALSE,TRUE,,,
incident_summary_users_view,pgp,character varying,FALSE,TRUE,,,
incident_summary_users_view,notes,text,FALSE,TRUE,TEXT,,X
incident_summary_users_view,organization,character varying,FALSE,TRUE,have organization_id,,
incident_summary_users_view,organization_acronym,character varying,FALSE,TRUE,,,
incident_summary_users_view,organization_level,integer,FALSE,TRUE,,,
,,,FALSE,FALSE,,,
incident_type,id,integer,TRUE,FALSE,,,
incident_type,created,timestamp with time zone,TRUE,FALSE,,,
incident_type,modified,timestamp with time zone,TRUE,FALSE,,,
incident_type,name,character varying,TRUE,FALSE,,,
incident_type,category_id,integer,TRUE,FALSE,,,
incident_type,creator_id,integer,TRUE,FALSE,,,
,,,FALSE,FALSE,,,
incidentparser_historicalparser,id,integer,TRUE,FALSE,,,
incidentparser_historicalparser,created,timestamp with time zone,TRUE,FALSE,TIMESTAMP,,
incidentparser_historicalparser,modified,timestamp with time zone,TRUE,FALSE,,,
incidentparser_historicalparser,slug,character varying,TRUE,FALSE,TEXT,,
incidentparser_historicalparser,title,character varying,TRUE,FALSE,TEXT,,
incidentparser_historicalparser,code,text,TRUE,FALSE,TEXT,,
incidentparser_historicalparser,identifiers,text,TRUE,FALSE,TEXT,,
incidentparser_historicalparser,response_template,text,TRUE,FALSE,TEXT,,
incidentparser_historicalparser,creator_id,integer,TRUE,FALSE,,,
incidentparser_historicalparser,enabled,boolean,TRUE,FALSE,,,
incidentparser_historicalparser,type_id,integer,TRUE,TRUE,,,
incidentparser_historicalparser,history_id,integer,TRUE,FALSE,,,
incidentparser_historicalparser,history_date,timestamp with time zone,TRUE,FALSE,,,
incidentparser_historicalparser,history_user_id,integer,TRUE,FALSE,auth_user,,
incidentparser_historicalparser,history_type,character varying,TRUE,FALSE,,,
incidentparser_historicalparser,acknowledge_template,text,TRUE,FALSE,TEXT,,
incidentparser_historicalparser,attack_template,text,TRUE,FALSE,TEXT,,
,,,FALSE,FALSE,,,
incidentparser_incidentparser,id,integer,TRUE,FALSE,,,
incidentparser_incidentparser,created,timestamp with time zone,TRUE,FALSE,TIMESTAMP,,
incidentparser_incidentparser,modified,timestamp with time zone,TRUE,FALSE,,,
incidentparser_incidentparser,incident_id,integer,TRUE,FALSE,,,
incidentparser_incidentparser,parser_id,integer,TRUE,FALSE,,,
incidentparser_incidentparser,task_id,character varying,TRUE,FALSE,,,
,,,FALSE,FALSE,,,
incidentparser_parser,id,integer,TRUE,FALSE,,,
incidentparser_parser,created,timestamp with time zone,TRUE,FALSE,TIMESTAMP,,
incidentparser_parser,modified,timestamp with time zone,TRUE,FALSE,,,
incidentparser_parser,slug,character varying,TRUE,FALSE,TEXT,,
incidentparser_parser,title,character varying,TRUE,FALSE,TEXT,,
incidentparser_parser,code,text,TRUE,FALSE,TEXT,,
incidentparser_parser,creator_id,integer,TRUE,FALSE,,,
incidentparser_parser,identifiers,text,TRUE,FALSE,TEXT,,
incidentparser_parser,response_template,text,TRUE,FALSE,TEXT,,
incidentparser_parser,enabled,boolean,TRUE,FALSE,,,
incidentparser_parser,type_id,integer,TRUE,FALSE,,,
incidentparser_parser,acknowledge_template,text,TRUE,FALSE,TEXT,,
incidentparser_parser,attack_template,text,TRUE,FALSE,TEXT,,
,,,FALSE,FALSE,,,
network_network,id,integer,TRUE,FALSE,,,
network_network,created,timestamp with time zone,TRUE,FALSE,,,
network_network,modified,timestamp with time zone,TRUE,FALSE,,,
network_network,ip_network,cidr,TRUE,FALSE,ANON-IP,,
network_network,creator_id,integer,TRUE,FALSE,,,
network_network,organization_id,integer,TRUE,FALSE,,,
,,,FALSE,FALSE,,,
notify_notification,id,integer,TRUE,FALSE,,,
notify_notification,subscription_id,integer,TRUE,FALSE,,,
notify_notification,message,text,TRUE,FALSE,TEXT,,
notify_notification,url,character varying,TRUE,FALSE,ANON-NUM,,
notify_notification,is_viewed,boolean,TRUE,FALSE,,,
notify_notification,is_emailed,boolean,TRUE,FALSE,,,
notify_notification,created,timestamp with time zone,TRUE,FALSE,TIMESTAMP,,
notify_notification,occurrences,integer,TRUE,FALSE,,,
,,,FALSE,FALSE,,,
notify_notificationtype,key,character varying,TRUE,FALSE,,,
notify_notificationtype,label,character varying,TRUE,FALSE,,,
notify_notificationtype,content_type_id,integer,TRUE,FALSE,,,
,,,FALSE,FALSE,,,
notify_settings,id,integer,TRUE,FALSE,,,
notify_settings,user_id,integer,TRUE,FALSE,auth_user,,
notify_settings,interval,smallint,TRUE,FALSE,,,
,,,FALSE,FALSE,,,
notify_subscription,id,integer,TRUE,FALSE,,,
notify_subscription,settings_id,integer,TRUE,FALSE,,,
notify_subscription,notification_type_id,character varying,TRUE,FALSE,,,
notify_subscription,object_id,character varying,TRUE,FALSE,,,
notify_subscription,send_emails,boolean,TRUE,FALSE,,,
notify_subscription,latest_id,integer,TRUE,FALSE,,,
,,,FALSE,FALSE,,,
organization_organization,id,integer,TRUE,FALSE,,,
organization_organization,created,timestamp with time zone,TRUE,FALSE,,,
organization_organization,modified,timestamp with time zone,TRUE,FALSE,,,
organization_organization,parent_id,integer,TRUE,FALSE,,,
organization_organization,slug,character varying,TRUE,FALSE,TEXT,,
organization_organization,title,character varying,TRUE,FALSE,TEXT,,
organization_organization,state,character varying,TRUE,FALSE,,,
organization_organization,creator_id,integer,TRUE,FALSE,,,
organization_organization,lft,integer,TRUE,FALSE,,,
organization_organization,rght,integer,TRUE,FALSE,,,
organization_organization,tree_id,integer,TRUE,FALSE,,,
organization_organization,level,integer,TRUE,FALSE,,,
organization_organization,acronym,character varying,FALSE,TRUE,,,
,,,FALSE,FALSE,,,
organization_permission,id,integer,FALSE,TRUE,,,
organization_permission,created,timestamp with time zone,FALSE,TRUE,,,
organization_permission,modified,timestamp with time zone,FALSE,TRUE,,,
organization_permission,permission,integer,FALSE,TRUE,,,
organization_permission,organization_id,integer,FALSE,TRUE,,,
organization_permission,user_id,integer,FALSE,TRUE,,,
organization_permission,creator_id,integer,FALSE,TRUE,,,
organization_permission,send_email,boolean,FALSE,TRUE,,,
,,,FALSE,FALSE,,,
shibboleth_accessdenied,id,integer,FALSE,TRUE,,,
shibboleth_accessdenied,username,character varying,FALSE,TRUE,,,
shibboleth_accessdenied,name,character varying,FALSE,TRUE,,,
shibboleth_accessdenied,login_date,timestamp with time zone,FALSE,TRUE,,,
,,,FALSE,FALSE,,,
south_migrationhistory,id,integer,FALSE,TRUE,,,
south_migrationhistory,app_name,character varying,FALSE,TRUE,,,
south_migrationhistory,migration,character varying,FALSE,TRUE,,,
south_migrationhistory,applied,timestamp with time zone,FALSE,TRUE,,,
,,,FALSE,FALSE,,,
thumbnail_kvstore,key,character varying,FALSE,TRUE,,,
thumbnail_kvstore,value,text,FALSE,TRUE,,,
,,,FALSE,FALSE,,,
tree_attack,id,integer,FALSE,TRUE,,,
tree_attack,created,timestamp with time zone,FALSE,TRUE,,,
tree_attack,modified,timestamp with time zone,FALSE,TRUE,,,
tree_attack,subject,character varying,FALSE,TRUE,TEXT,,
tree_attack,status,text,FALSE,TRUE,,,
tree_attack,queue,text,FALSE,TRUE,,,
tree_attack,category,character varying,FALSE,TRUE,,,
tree_attack,organization_id,integer,FALSE,TRUE,,,
tree_attack,organization_title,text,FALSE,TRUE,,,
,,,FALSE,FALSE,,,
tree_incident,id,integer,FALSE,TRUE,,,
tree_incident,created,timestamp with time zone,FALSE,TRUE,,,
tree_incident,modified,timestamp with time zone,FALSE,TRUE,,,
tree_incident,resolved,timestamp with time zone,FALSE,TRUE,,,
tree_incident,subject,character varying,FALSE,TRUE,,,
tree_incident,vulnerability,boolean,FALSE,TRUE,,,
tree_incident,status,text,FALSE,TRUE,,,
tree_incident,queue,text,FALSE,TRUE,,,
tree_incident,organization_id,integer,FALSE,TRUE,,,
tree_incident,organization_title,text,FALSE,TRUE,,,
tree_incident,incident_type,character varying,FALSE,TRUE,,,
tree_incident,category,character varying,FALSE,TRUE,,,
,,,FALSE,FALSE,,,
whitelist_whitelist,id,integer,TRUE,FALSE,,,
whitelist_whitelist,ip_network,character varying,TRUE,FALSE,ANON-IP,,
,,,FALSE,FALSE,,,
whitelist_whitelisttime,id,integer,TRUE,FALSE,,,
whitelist_whitelisttime,date,timestamp with time zone,TRUE,FALSE,,,
whitelist_whitelisttime,whitelist_id,integer,TRUE,FALSE,,,
,,,FALSE,FALSE,,,
wiki_article,id,integer,FALSE,TRUE,perguntar marcos se Wiki tem alguma info que pode ser util,,
wiki_article,current_revision_id,integer,FALSE,TRUE,,,
wiki_article,created,timestamp with time zone,FALSE,TRUE,,,
wiki_article,modified,timestamp with time zone,FALSE,TRUE,,,
wiki_article,owner_id,integer,FALSE,TRUE,,,
wiki_article,group_id,integer,FALSE,TRUE,,,
wiki_article,group_read,boolean,FALSE,TRUE,,,
wiki_article,group_write,boolean,FALSE,TRUE,,,
wiki_article,other_read,boolean,FALSE,TRUE,,,
wiki_article,other_write,boolean,FALSE,TRUE,,,
,,,FALSE,FALSE,,,
wiki_articleforobject,id,integer,FALSE,TRUE,,,
wiki_articleforobject,article_id,integer,FALSE,TRUE,,,
wiki_articleforobject,content_type_id,integer,FALSE,TRUE,,,
wiki_articleforobject,object_id,integer,FALSE,TRUE,,,
wiki_articleforobject,is_mptt,boolean,FALSE,TRUE,,,
,,,FALSE,FALSE,,,
wiki_articleplugin,id,integer,FALSE,TRUE,,,
wiki_articleplugin,article_id,integer,FALSE,TRUE,,,
wiki_articleplugin,deleted,boolean,FALSE,TRUE,,,
wiki_articleplugin,created,timestamp with time zone,FALSE,TRUE,,,
,,,FALSE,FALSE,,,
wiki_articlerevision,id,integer,FALSE,TRUE,,,
wiki_articlerevision,revision_number,integer,FALSE,TRUE,,,
wiki_articlerevision,user_message,text,FALSE,TRUE,,,
wiki_articlerevision,automatic_log,text,FALSE,TRUE,,,
wiki_articlerevision,ip_address,inet,FALSE,TRUE,,,
wiki_articlerevision,user_id,integer,FALSE,TRUE,,,
wiki_articlerevision,modified,timestamp with time zone,FALSE,TRUE,,,
wiki_articlerevision,created,timestamp with time zone,FALSE,TRUE,,,
wiki_articlerevision,previous_revision_id,integer,FALSE,TRUE,,,
wiki_articlerevision,deleted,boolean,FALSE,TRUE,,,
wiki_articlerevision,locked,boolean,FALSE,TRUE,,,
wiki_articlerevision,article_id,integer,FALSE,TRUE,,,
wiki_articlerevision,content,text,FALSE,TRUE,,,
wiki_articlerevision,title,character varying,FALSE,TRUE,,,
,,,FALSE,FALSE,,,
wiki_articlesubscription,subscription_ptr_id,integer,FALSE,TRUE,,,
wiki_articlesubscription,articleplugin_ptr_id,integer,FALSE,TRUE,,,
,,,FALSE,FALSE,,,
wiki_attachment,reusableplugin_ptr_id,integer,FALSE,TRUE,,,
wiki_attachment,current_revision_id,integer,FALSE,TRUE,,,
wiki_attachment,original_filename,character varying,FALSE,TRUE,,,
,,,FALSE,FALSE,,,
wiki_attachmentrevision,id,integer,FALSE,TRUE,,,
wiki_attachmentrevision,revision_number,integer,FALSE,TRUE,,,
wiki_attachmentrevision,user_message,text,FALSE,TRUE,,,
wiki_attachmentrevision,automatic_log,text,FALSE,TRUE,,,
wiki_attachmentrevision,ip_address,inet,FALSE,TRUE,,,
wiki_attachmentrevision,user_id,integer,FALSE,TRUE,,,
wiki_attachmentrevision,modified,timestamp with time zone,FALSE,TRUE,,,
wiki_attachmentrevision,created,timestamp with time zone,FALSE,TRUE,,,
wiki_attachmentrevision,previous_revision_id,integer,FALSE,TRUE,,,
wiki_attachmentrevision,deleted,boolean,FALSE,TRUE,,,
wiki_attachmentrevision,locked,boolean,FALSE,TRUE,,,
wiki_attachmentrevision,attachment_id,integer,FALSE,TRUE,,,
wiki_attachmentrevision,file,character varying,FALSE,TRUE,,,
wiki_attachmentrevision,description,text,FALSE,TRUE,,,
,,,FALSE,FALSE,,,
wiki_image,revisionplugin_ptr_id,integer,FALSE,TRUE,,,
,,,FALSE,FALSE,,,
wiki_imagerevision,revisionpluginrevision_ptr_id,integer,FALSE,TRUE,,,
wiki_imagerevision,image,character varying,FALSE,TRUE,,,
wiki_imagerevision,width,smallint,FALSE,TRUE,,,
wiki_imagerevision,height,smallint,FALSE,TRUE,,,
,,,FALSE,FALSE,,,
wiki_reusableplugin,articleplugin_ptr_id,integer,FALSE,TRUE,,,
,,,FALSE,FALSE,,,
wiki_reusableplugin_articles,id,integer,FALSE,TRUE,,,
wiki_reusableplugin_articles,reusableplugin_id,integer,FALSE,TRUE,,,
wiki_reusableplugin_articles,article_id,integer,FALSE,TRUE,,,
,,,FALSE,FALSE,,,
wiki_revisionplugin,articleplugin_ptr_id,integer,FALSE,TRUE,,,
wiki_revisionplugin,current_revision_id,integer,FALSE,TRUE,,,
,,,FALSE,FALSE,,,
wiki_revisionpluginrevision,id,integer,FALSE,TRUE,,,
wiki_revisionpluginrevision,revision_number,integer,FALSE,TRUE,,,
wiki_revisionpluginrevision,user_message,text,FALSE,TRUE,,,
wiki_revisionpluginrevision,automatic_log,text,FALSE,TRUE,,,
wiki_revisionpluginrevision,ip_address,inet,FALSE,TRUE,,,
wiki_revisionpluginrevision,user_id,integer,FALSE,TRUE,,,
wiki_revisionpluginrevision,modified,timestamp with time zone,FALSE,TRUE,,,
wiki_revisionpluginrevision,created,timestamp with time zone,FALSE,TRUE,,,
wiki_revisionpluginrevision,previous_revision_id,integer,FALSE,TRUE,,,
wiki_revisionpluginrevision,deleted,boolean,FALSE,TRUE,,,
wiki_revisionpluginrevision,locked,boolean,FALSE,TRUE,,,
wiki_revisionpluginrevision,plugin_id,integer,FALSE,TRUE,,,
,,,FALSE,FALSE,,,
wiki_simpleplugin,articleplugin_ptr_id,integer,FALSE,TRUE,,,
wiki_simpleplugin,article_revision_id,integer,FALSE,TRUE,,,
,,,FALSE,FALSE,,,
wiki_urlpath,id,integer,FALSE,TRUE,,,
wiki_urlpath,slug,character varying,FALSE,TRUE,,,
wiki_urlpath,site_id,integer,FALSE,TRUE,,,
wiki_urlpath,parent_id,integer,FALSE,TRUE,,,
wiki_urlpath,lft,integer,FALSE,TRUE,,,
wiki_urlpath,rght,integer,FALSE,TRUE,,,
wiki_urlpath,tree_id,integer,FALSE,TRUE,,,
wiki_urlpath,level,integer,FALSE,TRUE,,,
wiki_urlpath,article_id,integer,FALSE,TRUE,,,